{"cameraMode":{"drawMode":0,"name":"Shaded","section":"Shading Mode"},"sceneLighting":true,"audioPlay":false,"sceneViewState":{"m_AlwaysRefresh":false,"showFog":true,"showSkybox":true,"showFlares":true,"showImageEffects":true,"showParticleSystems":true,"showVisualEffectGraphs":true,"m_FxEnabled":true},"in2DMode":false,"pivot":{"x":47.08207702636719,"y":17.17412567138672,"z":22.992095947265626},"rotation":{"x":0.08842528611421585,"y":-0.30421459674835207,"z":0.02837381884455681,"w":0.9480661749839783},"size":29.711233139038087,"orthographic":false}