{"cameraMode":{"drawMode":0,"name":"Shaded","section":"Shading Mode"},"sceneLighting":true,"audioPlay":false,"sceneViewState":{"m_AlwaysRefresh":false,"showFog":true,"showSkybox":true,"showFlares":true,"showImageEffects":true,"showParticleSystems":true,"showVisualEffectGraphs":true,"m_FxEnabled":true},"in2DMode":false,"pivot":{"x":44.99736022949219,"y":7.183650970458984,"z":50.79250717163086},"rotation":{"x":0.6611382365226746,"y":0.009002454578876496,"z":-0.007934034802019596,"w":0.7501684427261353},"size":71.60624694824219,"orthographic":false}