{"cameraMode":{"drawMode":0,"name":"Shaded","section":"Shading Mode"},"sceneLighting":true,"audioPlay":false,"sceneViewState":{"m_AlwaysRefresh":false,"showFog":true,"showSkybox":true,"showFlares":true,"showImageEffects":true,"showParticleSystems":true,"showVisualEffectGraphs":true,"m_FxEnabled":true},"in2DMode":false,"pivot":{"x":-0.5359910726547241,"y":1.0790162086486817,"z":-3.672830104827881},"rotation":{"x":-0.03568853810429573,"y":-0.014992999844253064,"z":0.0005357417976483703,"w":-0.9992566704750061},"size":1.1281381845474244,"orthographic":true}